endpoint_id,source_id,source_name,source_class,institution_level,label,url,final_url,access_status,http_status,content_type,expected_format,detected_format,format_matches_expected,robots_status,fetched_at,elapsed_ms,bytes_read,truncated,item_count,latest_published_at,discovered_feeds,error
actiris_news,actiris,Actiris,public_body,région,Actualités,https://www.actiris.brussels/fr/citoyens/actualites/,https://www.actiris.brussels/fr/citoyens/actualites/,ok,200,text/html,html,html,True,allowed,2026-09-30T10:27:39.036591Z,2226,67565,False,,,,
adg_home,adg,Arbeitsamt der Deutschsprachigen Gemeinschaft,public_body,communauté,Portail de l'emploi,https://adg.be/,https://adg.be/,ok,200,text/html,html,html,True,allowed,2026-09-30T10:28:01.374116Z,1355,95678,False,,,,
afmps_news,afmps,Agence fédérale des médicaments et des produits de santé,public_body,fédéral,Actualités,https://www.afmps.be/fr/news,https://www.afmps.be/fr/actualites,ok,200,text/html,html,html,True,allowed,2026-09-30T10:27:27.651539Z,2169,47398,False,,,,
afsca_news,afsca,Agence fédérale pour la sécurité de la chaîne alimentaire,public_body,fédéral,Actualités,https://favv-afsca.be/fr/news/overview,https://favv-afsca.be/fr/news/overview,ok,200,text/html,html,html,True,allowed,2026-09-30T10:27:29.375849Z,2795,58208,False,,,,
amnesty_be_rss,amnesty_be,Amnesty International Belgique francophone,civil_society,communauté,Actualités,https://www.amnesty.be/infos/actualites/,https://www.amnesty.be/infos/actualites/,ok,200,text/html,html,html,True,allowed,2026-09-30T10:28:22.140691Z,1823,169145,False,,,https://www.amnesty.be/infos/actualites/spip.php?page=backend&id_rubrique=2 | https://www.amnesty.be/infos/actualites/spip.php?page=backend,
anders_party_news,anders_party,Anders.,political_party,national,Nieuws,https://www.anders.be/blog,https://www.anders.be/blog,ok,200,text/html,html,html,True,allowed,2026-09-30T10:28:09.189756Z,1520,41664,False,,,,
antenne_centre_home,antenne_centre,Antenne Centre Télévision,news_media,région,Actualités régionales,https://www.antennecentre.tv/,https://www.antennecentre.tv/,ok,200,text/html,html,html,True,allowed,2026-09-30T10:29:05.359682Z,2281,135607,False,,2026-09-30T09:29:00Z,,
apache_feeds,apache,Apache,news_media,national,Overzicht RSS-feeds,https://apache.be/feeds,https://apache.be/feeds,ok,200,text/html,html,html,True,allowed,2026-09-30T10:29:04.246010Z,1114,33732,False,,,https://www.apache.be/feed/artikels | https://www.apache.be/feed/artikels/nieuws | https://www.apache.be/feed/artikels/analyse | https://apache.be/feed/artikels/nieuws%7Canalyse | https://www.apache.be/feed/artikels/debat | https://www.apache.be/feed/dossiers,
apache_home,apache,Apache,news_media,national,Homepage en artikels,https://apache.be/,https://apache.be/,ok,200,text/html,html,html,True,allowed,2026-09-30T10:29:03.560970Z,2525,731608,False,,,,
apache_rss,apache,Apache,news_media,national,Alle artikels,https://www.apache.be/feed/artikels,https://apache.be/feed/artikels,ok,200,application/rss+xml,rss,rss,True,allowed,2026-09-30T10:29:05.150841Z,2082,13763,False,20,2026-09-30T04:00:00Z,,
ares_news,ares,Académie de recherche et d'enseignement supérieur,public_body,communauté,Actualités,https://www.ares-ac.be/fr/actualit%C3%A9s,https://www.ares-ac.be/fr/actualit%C3%A9s,ok,200,text/html,html,html,True,allowed,2026-09-30T10:27:54.925694Z,4976,87948,False,,,,
atv_home,atv,ATV,news_media,région,Regionaal nieuws,https://www.atv.be/,,http_error,403,,html,unknown,,unknown,2026-09-30T10:29:11.685093Z,3719,0,False,,,,HTTP 403: Forbidden
aviq_news,aviq,Agence pour une Vie de Qualité,public_body,région,Actualités,https://www.aviq.be/fr/actualites,,network_error,,,html,unknown,,unknown,2026-09-30T10:27:33.288701Z,1557,0,False,,,,Connexion impossible: [SSL: CERTIFICATE_VERIFY_FAILED] certificate verify failed: unable to get local issuer certificate (_ssl.c:1010)
avocats_be_press,avocats_be,AVOCATS.BE,professional_body,communauté,Communiqués de presse,https://www.avocats.be/fr/actualites/136,,http_error,404,,html,unknown,,allowed,2026-09-30T10:28:39.058383Z,1556,0,False,,,,HTTP 404: Not Found
avs_home,avs,AVS,news_media,région,Regionaal nieuws,https://www.avs.be/,https://avs.be/,ok,200,text/html,html,html,True,allowed,2026-09-30T10:29:10.733066Z,4464,304833,False,,2026-09-30T00:00:00Z,https://www.linkedin.com/company/99504005/admin/feed/posts/,
awac_news,awac,Agence wallonne de l'Air et du Climat,public_body,région,Actualités,https://www.awac.be/home/actualites.html,https://www.awac.be/home/actualites.html,ok,200,text/html,html,html,True,missing,2026-09-30T10:27:35.208799Z,8816,67872,False,,,,
bbl_news,bond_beter_leefmilieu,Bond Beter Leefmilieu,civil_society,région,Nieuws,https://www.bondbeterleefmilieu.be/,,http_error,403,,html,unknown,,unknown,2026-09-30T10:28:22.409532Z,267,0,False,,,,HTTP 403: Forbidden
belspo_news,belspo,Politique scientifique fédérale BELSPO,public_body,fédéral,Actualités,https://www.belspo.be/belspo/organisation/actua.asp?l=fr,https://www.belspo.be/belspo/organisation/actua.asp?l=fr,ok,200,text/html,html,html,True,allowed,2026-09-30T10:27:11.023823Z,2574,413304,False,,,,
bipt_consumers,bipt,Institut belge des services postaux et des télécommunications,regulator,fédéral,Informations consommateurs,https://www.bipt.be/consommateurs,https://www.bipt.be/consommateurs,ok,200,text/html,html,html,True,allowed,2026-09-30T10:27:21.744471Z,2324,121755,False,,,,
bosa_news,fps_bosa,SPF Stratégie et Appui,public_body,fédéral,Actualités,https://bosa.belgium.be/fr/news,https://bosa.belgium.be/fr/news,ok,200,text/html,html,html,True,allowed,2026-09-30T10:27:06.086332Z,1409,87580,False,,2026-09-28T13:00:43Z,https://bosa.belgium.be/fr/content-feed/news/rss.xml,
bouke_home,bouke,Boukè,news_media,région,Actualités régionales,https://www.bouke.media/,https://www.bouke.media/,ok,200,text/html,html,html,True,allowed,2026-09-30T10:29:05.808883Z,2076,195588,False,,2026-10-01T09:15:00Z,,
brf_news_home,brf_news,BRF Nachrichten,news_media,communauté,BRF Nachrichten,https://brf.be/,https://brf.be/,ok,200,text/html,html,html,True,allowed,2026-09-30T10:28:55.195841Z,2470,121186,False,,2026-09-30T12:16:00Z,,
brf_news_rss,brf_news,BRF Nachrichten,news_media,communauté,Flux BRF Nachrichten,https://brf.be/feed/,https://brf.be/feed/,ok,200,application/rss+xml,rss,rss,True,allowed,2026-09-30T10:28:59.329177Z,812,10106,False,10,2026-09-30T10:16:00Z,,
brugel_news,brugel,BRUGEL,regulator,région,Actualités,https://brugel.brussels/actualites,https://brugel.brussels/actualites,ok,200,text/html,html,html,True,allowed,2026-09-30T10:27:43.624524Z,1955,72739,False,,,,
brupartners_news,brupartners,Brupartners,consultative_body,région,Actualités,https://www.brupartners.brussels/fr/actualites,https://www.brupartners.brussels/fr/actualites,ok,200,text/html,html,html,True,allowed,2026-09-30T10:27:43.801346Z,2579,50397,False,,,,
brussels_environment_news,brussels_environment,Bruxelles Environnement,public_body,région,Actualités,https://environnement.brussels/citoyen/actualites,https://environnement.brussels/citoyen/actualites,ok,200,text/html,html,html,True,allowed,2026-09-30T10:27:41.262431Z,2539,498549,False,,,,
brussels_latest,brussels_region,Région de Bruxelles-Capitale,institution,région,Dernières nouvelles,https://be.brussels/fr/propos-de-la-region/les-dernieres-nouvelles,https://be.brussels/fr/propos-de-la-region/les-dernieres-nouvelles,ok,200,text/html,html,html,True,allowed,2026-09-30T10:26:56.199988Z,3294,98229,False,,2026-09-29T10:02:58Z,,
brussels_parliament_agenda,brussels_parliament,Parlement de la Région de Bruxelles-Capitale,parliament,région,Agenda,https://www.parlement.brussels/agenda/?lang=fr,https://www.parlement.brussels/agenda/,ok,200,text/html,html,html,True,allowed,2026-09-30T10:27:12.751379Z,6975,65411,False,,,,
brussels_public_service_news,brussels_public_service,Service public régional de Bruxelles,public_body,région,Actualités,https://servicepublic.brussels/actualites/,https://be.brussels/fr/propos-de-la-region/structure-et-organisation/administrations-et-institutions-de-la-region/le-service-public-regional-de-bruxelles,ok,200,text/html,html,html,True,allowed,2026-09-30T10:27:36.890385Z,4611,153014,False,,,,
bruzz_home,bruzz,BRUZZ,news_media,région,Recent nieuws,https://www.bruzz.be/recent,https://www.bruzz.be/recent,ok,200,text/html,html,html,True,allowed,2026-09-30T10:28:55.532466Z,561,56768,False,,,,
bruzz_rss,bruzz,BRUZZ,news_media,région,Flux général,https://www.bruzz.be/rss.xml,https://www.bruzz.be/rss.xml,ok,200,application/rss+xml,rss,rss,True,allowed,2026-09-30T10:29:00.140941Z,36,117128,False,100,2026-09-30T10:07:18Z,,
bx1_home,bx1,BX1,news_media,région,Actualités de Bruxelles,https://bx1.be/,https://bx1.be/,ok,200,text/html,html,html,True,allowed,2026-09-30T10:28:56.083723Z,1477,263506,False,,2026-09-30T10:18:56Z,https://bx1.be/feed/ | https://bx1.be/wp-json/wp/v2/pages/6,
bx1_rss,bx1,BX1,news_media,région,Flux BX1,https://bx1.be/feed/,https://bx1.be/feed/,ok,200,application/rss+xml,rss,rss,True,allowed,2026-09-30T10:28:59.600233Z,927,59172,False,10,2026-09-30T10:18:56Z,,
caami_news,caami,CAAMI-HZIV,health_insurer,national,Actualités pour les membres,https://www.caami-hziv.fgov.be/fr/membres/actualites,https://www.caami-hziv.fgov.be/fr/membres/actualites,ok,200,text/html,html,html,True,allowed,2026-09-30T10:28:29.653150Z,2086,32574,False,,,,
canal_zoom_home,canal_zoom,Canal Zoom,news_media,région,Actualités régionales,https://www.canalzoom.be/,https://www.canalzoom.be/,ok,200,text/html,html,html,True,allowed,2026-09-30T10:29:06.086077Z,1723,107924,False,,2026-09-30T07:35:48Z,,
canopea_news,canopea,Canopea,civil_society,région,Actualités,https://www.canopea.be/,,network_error,,,html,unknown,,unknown,2026-09-30T10:28:22.359717Z,30725,0,False,,,,Connexion impossible: timed out
cassation_news,court_of_cassation,Cour de cassation,judiciary,fédéral,Actualités et publications,https://courdecassation.be/,https://courdecassation.be/,ok,200,text/html,html,html,True,missing,2026-09-30T10:27:14.036443Z,2150,177489,False,,,,
cawab_news,cawab,Collectif Accessibilité Wallonie Bruxelles,civil_society,interrégional,Actualités,https://cawab.be/feed/,https://cawab.be/feed/,ok,200,application/rss+xml,rss,rss,True,allowed,2026-09-30T10:28:50.169506Z,1971,75134,False,10,2026-09-29T12:21:56Z,,
ccsp_news,ccsp,Conseil central de surveillance pénitentiaire,independent_public_body,fédéral,Actualités,https://ccsp.belgium.be/actualites/,https://ccsp.belgium.be/actualites/,ok,200,text/html,html,html,True,allowed,2026-09-30T10:28:32.534613Z,2248,121278,False,,,https://ccsp.belgium.be/wp-json/wp/v2/pages/48,
ccsp_opinions,ccsp,Conseil central de surveillance pénitentiaire,independent_public_body,fédéral,Avis,https://ccsp.belgium.be/avis/,https://ccsp.belgium.be/avis/,ok,200,text/html,html,html,True,allowed,2026-09-30T10:28:34.782559Z,923,73666,False,,,https://ccsp.belgium.be/wp-json/wp/v2/pages/409,
ccsp_publications,ccsp,Conseil central de surveillance pénitentiaire,independent_public_body,fédéral,Publications,https://ccsp.belgium.be/publications/,https://ccsp.belgium.be/publications/,ok,200,text/html,html,html,True,allowed,2026-09-30T10:28:33.506790Z,2079,124027,False,,,https://ccsp.belgium.be/wp-json/wp/v2/pages/161,
cdv_party_rss,cdv_party,CD&V,political_party,national,Flux des actualités,https://www.cdenv.be/nieuws.rss,https://www.cdenv.be/nieuws.rss,ok,200,application/rss+xml,rss,rss,True,allowed,2026-09-30T10:28:08.674019Z,1135,13914,False,20,2026-09-29T09:50:00Z,,
cese_wallonia_news,cese_wallonia,Conseil économique social et environnemental de Wallonie,consultative_body,région,Actualités,https://www.cesewallonie.be/actualites,https://www.cesewallonie.be/actualites,ok,200,text/html,html,html,True,allowed,2026-09-30T10:27:33.434524Z,1774,59590,False,,,,
cffb_news,cffb,Conseil des Femmes Francophones de Belgique,civil_society,communauté,Actualités et prises de position,https://www.cffb.be/,https://www.cffb.be/,ok,200,text/html,html,html,True,allowed,2026-09-30T10:28:49.472680Z,1354,956,False,,,,
cgslb_press,cgslb,CGSLB-Syndicat libéral,social_partner,national,Presse,https://www.cgslb.be/fr/presse,https://www.synova.be/fr/presse,ok,200,text/html,html,html,True,allowed,2026-09-30T10:28:14.562835Z,2973,64808,False,,,,
chamber_committees,chamber,Chambre des représentants,parliament,fédéral,Agenda des commissions,https://www.lachambre.be/kvvcr/showpage.cfm?cfm=%2Fsite%2Fwwwcfm%2Fagenda%2FcomagendaList.cfm&language=fr&section=%2Fnone,,http_error,403,,html,unknown,,allowed,2026-09-30T10:26:54.115916Z,1837,0,False,,,,HTTP 403: Forbidden
chamber_live,chamber,Chambre des représentants,parliament,fédéral,Réunions vidéo planifiées,https://media.dekamer.be/api/live,https://media.dekamer.be/api/live,ok,200,application/json,chamber_live,json,True,unknown,2026-09-30T10:26:55.672713Z,1267,6095,False,14,,,
chamber_plenary,chamber,Chambre des représentants,parliament,fédéral,Agenda de la séance plénière,https://www.lachambre.be/kvvcr/showpage.cfm?cfm=%2Fsite%2Fwwwcfm%2Fagenda%2FagendaList.cfm&language=fr&section=%2Fdocument%2Fnone,,http_error,403,,html,unknown,,allowed,2026-09-30T10:26:54.836785Z,1707,0,False,,,,HTTP 403: Forbidden
chancellery_news,fps_chancellery,SPF Chancellerie du Premier Ministre,public_body,fédéral,Actualités,https://chancellerie.belgium.be/fr/actualites/,https://chancellerie.belgium.be/fr/actualites/,ok,200,text/html,html,html,True,allowed,2026-09-30T10:27:05.890466Z,3616,450219,False,,,,
cire_press,cire,CIRÉ,civil_society,communauté,Communiqués de presse,https://www.cire.be/communiques-de-presse/feed/,https://www.cire.be/communiques-de-presse/feed/,ok,200,application/rss+xml,rss,rss,True,allowed,2026-09-30T10:28:43.209570Z,2971,110759,False,8,2026-07-08T08:32:19Z,,
cm_news,mutualities_christian,Alliance nationale des mutualités chrétiennes,health_insurer,national,Actueel CM,https://www.cm.be/nl/actueel,,http_error,403,,html,unknown,,unknown,2026-09-30T10:28:24.107547Z,321,0,False,,,,HTTP 403: Forbidden
college_courts_publications,college_courts,Collège des cours et tribunaux,judiciary,fédéral,Publications,https://www.rechtbanken-tribunaux.be/fr/college/publications,https://www.rechtbanken-tribunaux.be/fr/college/publications,ok,200,text/html,html,html,True,allowed,2026-09-30T10:28:31.739362Z,1767,51287,False,,,,
committee_p_press,committee_p,Comité permanent de contrôle des services de police,independent_public_body,fédéral,Communiqués de presse,https://comitep.be/communiqueacutes-de-presse.html,https://comitep.be/communiqueacutes-de-presse.html,ok,200,text/html,html,html,True,allowed,2026-09-30T10:28:36.664231Z,2394,624737,False,,,,
committee_p_publications,committee_p,Comité permanent de contrôle des services de police,independent_public_body,fédéral,Publications,https://comitep.be/publications.html,https://comitep.be/publications.html,ok,200,text/html,html,html,True,allowed,2026-09-30T10:28:37.515569Z,1662,604834,False,,,,
competition_news,competition_authority,Autorité belge de la Concurrence,regulator,fédéral,Actualités,https://www.abc-bma.be/fr/propos-de-nous/actualites,https://www.abc-bma.be/fr/propos-de-nous/actualites,ok,200,text/html,html,html,True,allowed,2026-09-30T10:27:22.621102Z,1293,39214,False,,2026-09-28T10:10:41Z,,
constitutional_releases,constitutional_court,Cour constitutionnelle,judiciary,fédéral,Communiqués sur les arrêts,https://fr.const-court.be/media/press-releases-concerning-the-judgments,https://fr.const-court.be/media/press-releases-concerning-the-judgments,ok,200,text/html,html,html,True,allowed,2026-09-30T10:26:59.494058Z,2600,71113,False,,,,
council_state_news,council_of_state,Conseil d'État,judiciary,fédéral,Actualités,https://www.raadvst-consetat.be/?lang=fr&page=news,,http_error,403,,html,unknown,,unknown,2026-09-30T10:27:00.416206Z,266,0,False,,,,HTTP 403: Forbidden
court_audit_news,court_of_audit,Cour des comptes,independent_public_body,interfédéral,Actualités,https://www.ccrek.be/fr/actualites,https://www.ccrek.be/fr/actualites,ok,200,text/html,html,html,True,allowed,2026-09-30T10:27:16.186361Z,1738,74350,False,,,https://www.ccrek.be/fr/actualites/rss.xml,
court_audit_rss,court_of_audit,Cour des comptes,independent_public_body,interfédéral,Flux des actualités,https://www.ccrek.be/fr/actualites/rss.xml,https://www.ccrek.be/fr/actualites/rss.xml,ok,200,application/rss+xml,rss,rss,True,allowed,2026-09-30T10:27:29.482082Z,660,8398,False,19,2026-09-18T00:00:00Z,,
creg_news,creg,Commission de Régulation de l'Électricité et du Gaz,regulator,fédéral,Actualités,https://www.creg.be/fr/actualites,https://www.creg.be/fr/actualites,ok,200,text/html,html,html,True,allowed,2026-09-30T10:27:19.726703Z,2018,36482,False,,2026-06-30T12:00:00Z,,
csa_press,csa,Conseil supérieur de l'audiovisuel,regulator,communauté,Communiqués de presse,https://www.csa.be/category/communique-de-presse/,https://www.csa.be/category/communique-de-presse/,ok,200,text/html,html,html,True,allowed,2026-09-30T10:27:59.011733Z,2362,121166,False,,,https://www.csa.be/feed/ | https://www.csa.be/comments/feed/ | https://www.csa.be/category/communique-de-presse/feed/ | https://www.csa.be/wp-json/wp/v2/categories/215,
csa_press_rss,csa,Conseil supérieur de l'audiovisuel,regulator,communauté,Flux des communiqués de presse,https://www.csa.be/category/communique-de-presse/feed/,https://www.csa.be/category/communique-de-presse/feed/,ok,200,application/rss+xml,rss,rss,True,allowed,2026-09-30T10:28:03.459947Z,1854,114679,False,10,2026-09-15T04:00:02Z,,
csc_news,csc,CSC,social_partner,national,Actualités et communiqués,https://www.lacsc.be/actualite/actualites-et-communiques-de-presse,https://www.lacsc.be/actualite/actualites-et-communiques-de-presse,ok,200,text/html,html,html,True,allowed,2026-09-30T10:27:03.677376Z,2213,31934,False,,,,
csp_dg_party_rss,csp_dg_party,CSP Ostbelgien,political_party,communauté,Flux des actualités,https://www.csp-dg.be/blog-feed.xml,https://www.csp-dg.be/blog-feed.xml,ok,200,text/xml,rss,rss,True,allowed,2026-09-30T10:28:10.709542Z,209,20530,False,20,2026-09-22T22:00:00Z,,
cwape_recent,cwape,Commission wallonne pour l'Énergie,regulator,région,Documents récents,https://www.cwape.be/documents-recents,https://www.cwape.be/documents-recents,ok,200,text/html,html,html,True,allowed,2026-09-30T10:27:33.413166Z,2602,100091,False,,2026-09-29T09:54:20Z,https://www.cwape.be/documents-recents.xml,
cwape_rss,cwape,Commission wallonne pour l'Énergie,regulator,région,Flux des documents récents,https://www.cwape.be/documents-recents.xml,https://www.cwape.be/documents-recents.xml,ok,200,application/rss+xml,rss,rss,True,allowed,2026-09-30T10:28:02.729085Z,895,61119,False,10,2026-09-29T09:54:20Z,,
data_news_fr,data_news,Trends Data News,news_media,national,IA et technologies,https://trends.levif.be/ai-tech/,,http_error,405,,html,unknown,,allowed,2026-09-30T10:29:03.162783Z,56,0,False,,,,HTTP 405: Not Allowed
data_news_nl,data_news,Trends Data News,news_media,national,AI en technologie,https://trends.knack.be/ai-tech-by-datanews/,,http_error,405,,html,unknown,,allowed,2026-09-30T10:29:02.620142Z,543,0,False,,,,HTTP 405: Not Allowed
data_protection_news,data_protection_authority,Autorité de protection des données,regulator,fédéral,Actualités,https://www.autoriteprotectiondonnees.be/citoyen/actualites,https://www.autoriteprotectiondonnees.be/citoyen/actualites,ok,200,text/html,html,html,True,allowed,2026-09-30T10:27:17.924103Z,1995,84837,False,,,,
de_lijn_press,de_lijn,De Lijn,public_company,région,Espace presse,https://delijn.prezly.com/,https://delijn.prezly.com/,ok,200,text/html,html,html,True,allowed,2026-09-30T10:27:53.165371Z,1052,181727,False,,2026-09-29T14:59:00Z,https://delijn.prezly.com/feed,
de_lijn_press_rss,de_lijn,De Lijn,public_company,région,Flux presse,https://delijn.prezly.com/feed,https://delijn.prezly.com/feed,ok,200,application/xml,rss,rss,True,allowed,2026-09-30T10:28:03.623676Z,524,4659,False,10,2026-09-29T16:59:00Z,,
de_morgen_home,de_morgen,De Morgen,news_media,national,Home en nieuws,https://www.demorgen.be/,https://myprivacy.dpgmedia.be/consent?siteKey=6OfBU0sZ5RFXpOOK&callbackUrl=https%3A%2F%2Fwww.demorgen.be%2Fprivacygate-confirm%3FredirectUri%3D%252F&isLoggedIn=false,ok,200,text/html,html,html,True,allowed,2026-09-30T10:28:54.297248Z,464,7866,False,,,,
de_morgen_rss,de_morgen,De Morgen,news_media,national,In het nieuws,https://www.demorgen.be/in-het-nieuws/rss.xml,https://www.demorgen.be/in-het-nieuws/rss.xml,ok,200,application/rss+xml,rss,rss,True,allowed,2026-09-30T10:28:57.907612Z,80,21440,False,28,2026-09-30T10:15:00Z,,
de_standaard_rss,de_standaard,De Standaard,news_media,national,Binnenland,https://www.standaard.be/binnenland/rss,https://www.standaard.be/binnenland/rss/,ok,200,text/xml,rss,rss,True,allowed,2026-09-30T10:28:58.085892Z,911,73799,False,50,2026-09-30T09:52:29Z,,
de_tijd_home,de_tijd,De Tijd,news_media,national,Home en nieuws,https://www.tijd.be/,https://www.tijd.be/,ok,200,text/html,html,html,True,allowed,2026-09-30T10:28:54.694234Z,350,2000000,True,,,https://www.tijd.be/rss,
de_tijd_rss,de_tijd,De Tijd,news_media,national,Algemeen nieuws,https://www.tijd.be/rss/nieuws.xml,https://www.tijd.be/rss/nieuws.xml,ok,200,text/xml,rss,rss,True,allowed,2026-09-30T10:28:58.482415Z,49,6567,False,10,2026-09-30T10:26:38Z,,
de_tijd_rss_directory,de_tijd,De Tijd,news_media,national,RSS-feeds,https://www.tijd.be/rss,https://www.tijd.be/rss,ok,200,text/html,html,html,True,allowed,2026-09-30T10:28:54.761059Z,435,629932,False,,,https://www.tijd.be/rss/nieuws.xml | https://www.tijd.be/rss/ondernemen.xml | https://www.tijd.be/rss/ondernemen_auto.xml | https://www.tijd.be/rss/ondernemen_banken.xml | https://www.tijd.be/rss/ondernemen_bouw.xml | https://www.tijd.be/rss/ondernemen_diensten_en_verzekeringen.xml | https://www.tijd.be/rss/ondernemen_energie.xml | https://www.tijd.be/rss/ondernemen_ict.xml | https://www.tijd.be/rss/ondernemen_media_en_marketing.xml | https://www.tijd.be/rss/ondernemen_retail.xml,
defence_news,defence,Défense belge,institution,fédéral,Actualités,https://www.mil.be/fr/news/,https://www.mil.be/fr/news/,ok,200,text/html,html,html,True,allowed,2026-09-30T10:27:10.054723Z,2697,63246,False,,,https://www.mil.be/fr/news/rss,
defence_rss,defence,Défense belge,institution,fédéral,Flux des actualités,https://www.mil.be/fr/news/rss,https://www.mil.be/fr/news/rss,ok,200,text/xml,rss,rss,True,allowed,2026-09-30T10:27:29.653636Z,946,243404,False,229,2026-09-26T07:09:59Z,,
defenseur_enfants_news,defenseur_enfants,Défenseur des droits de l'enfant,independent_public_body,communauté,Actualités et publications,https://www.defenseurdesenfants.be/,https://www.defenseurdesenfants.be/,ok,200,text/html,html,html,True,allowed,2026-09-30T10:28:40.614257Z,2595,90840,False,,2026-09-25T08:02:33Z,,
defi_party_wp,defi_party,DéFI,political_party,région,Actualités,https://www.defi.be/actualites/,https://www.defi.be/actualites/,ok,200,text/html,html,html,True,allowed,2026-09-30T10:28:07.792399Z,603,61875,False,,,,
department_zorg_news,department_zorg,Departement Zorg,public_body,région|communauté,Actualités,https://www.vlaanderen.be/departement-zorg,https://www.departementzorg.be/,ok,200,text/html,html,html,True,allowed,2026-09-30T10:27:47.871076Z,2938,392517,False,,,,
dhnet_home,dhnet,DH Les Sports+,news_media,national,Accueil et actualités,https://www.dhnet.be/,https://www.dhnet.be/,ok,200,text/html,html,html,True,allowed,2026-09-30T10:28:53.901193Z,1631,2000000,True,,,https://www.dhnet.be/rss/about/,
dhnet_rss,dhnet,DH Les Sports+,news_media,national,Flux actualités,https://www.dhnet.be/arc/outboundfeeds/rss/section/actu/?outputType=xml,https://www.dhnet.be/arc/outboundfeeds/rss/section/actu/?outputType=xml,ok,200,application/xml,rss,rss,True,allowed,2026-09-30T10:28:57.817207Z,497,126152,False,100,2026-09-30T10:28:33Z,,
ecb_press,ecb,Banque centrale européenne,regulator,européen,Communiqués de presse,https://www.ecb.europa.eu/press/html/index.fr.html,https://www.ecb.europa.eu/press/pubbydate/html/index.fr.html,ok,200,text/html,html,html,True,allowed,2026-09-30T10:29:29.093569Z,2740,104165,False,,,https://www.ecb.europa.eu/rss,
ecb_press_rss,ecb,Banque centrale européenne,regulator,européen,Communiqués de presse RSS,https://www.ecb.europa.eu/rss/press.html,https://www.ecb.europa.eu/rss/press.html,ok,200,application/rss+xml,rss,rss,True,allowed,2026-09-30T10:29:31.064171Z,662,5722,False,15,2026-09-30T02:20:00Z,,
ecolo_dg_party_news,ecolo_dg_party,Ecolo Ostbelgien,political_party,communauté,Aktuelles,https://ostbelgien.ecolo.be/,,network_error,,,html,unknown,,unknown,2026-09-30T10:28:13.616956Z,946,0,False,,,,Connexion impossible: [Errno -2] Name or service not known
ecolo_party_rss,ecolo_party,Ecolo,political_party,national,Flux des actualités,https://ecolo.be/feed/,,network_error,,,rss,unknown,,unknown,2026-09-30T10:28:06.148347Z,30516,0,False,,,,Connexion impossible: [Errno 101] Network is unreachable
economy_atom,fps_economy,SPF Économie,public_body,fédéral,Flux des communiqués,https://news.economie.fgov.be/fr/press_releases.atom,https://news.economie.fgov.be/fr/press_releases.atom,ok,200,application/atom+xml,atom,atom,True,allowed,2026-09-30T10:27:03.191940Z,485,141715,False,20,2026-09-30T10:00:00Z,,
economy_news,fps_economy,SPF Économie,public_body,fédéral,Newsroom,https://news.economie.fgov.be/fr/releases/,https://news.economie.fgov.be/fr/releases/,ok,200,text/html,html,html,True,allowed,2026-09-30T10:27:02.094071Z,1444,116291,False,,2026-09-30T00:00:00Z,https://news.economie.fgov.be/fr/press_releases.atom,
employment_news,fps_employment,SPF Emploi Travail et Concertation sociale,public_body,fédéral,Actualités,https://emploi.belgique.be/fr/actualites,https://emploi.belgique.be/fr/actualites,ok,200,text/html,html,html,True,missing,2026-09-30T10:27:08.782254Z,2242,109818,False,,2026-09-30T12:00:00Z,https://emploi.belgique.be/fr/news/rss.xml,
eu_commission_press,eu_commission,Commission européenne,institution,européen,Press Corner,https://ec.europa.eu/commission/presscorner/home/en,https://ec.europa.eu/commission/presscorner/home/en,ok,200,text/html,html,html,True,allowed,2026-09-30T10:29:27.006019Z,1230,21533,False,,,,
eu_commission_press_rss,eu_commission,Commission européenne,institution,européen,Press Corner RSS,https://ec.europa.eu/commission/presscorner/api/rss?language=en,https://ec.europa.eu/commission/presscorner/api/rss?language=en,ok,200,application/rss+xml,rss,rss,True,allowed,2026-09-30T10:29:27.012369Z,2081,7232,False,10,2026-09-30T09:51:23Z,,
eu_council_calendar,eu_council,Conseil de l'Union européenne,institution,européen,Calendrier des réunions,https://www.consilium.europa.eu/fr/meetings/calendar/,,http_error,403,,html,unknown,,unknown,2026-09-30T10:29:26.960646Z,45,0,False,,,,HTTP 403: Forbidden
eu_council_home,eu_council,Conseil de l'Union européenne,institution,européen,Portail du Conseil de l'Union européenne,https://www.consilium.europa.eu/fr/council-eu/,,http_error,403,,html,unknown,,unknown,2026-09-30T10:29:26.924983Z,36,0,False,,,,HTTP 403: Forbidden
eu_council_press,eu_council,Conseil de l'Union européenne,institution,européen,Communiqués de presse,https://www.consilium.europa.eu/fr/press/press-releases/,,http_error,403,,html,unknown,,unknown,2026-09-30T10:29:26.932817Z,45,0,False,,,,HTTP 403: Forbidden
eu_council_rss_directory,eu_council,Conseil de l'Union européenne,institution,européen,Répertoire des flux RSS,https://www.consilium.europa.eu/en/about-site/rss/,,http_error,403,,html,unknown,,unknown,2026-09-30T10:29:26.977882Z,34,0,False,,,,HTTP 403: Forbidden
eu_court_auditors_home,eu_court_auditors,Cour des comptes européenne,institution,européen,Portail et actualités,https://www.eca.europa.eu/fr/,https://www.eca.europa.eu/fr/,ok,200,text/html,html,html,True,missing,2026-09-30T10:29:31.725969Z,2646,156010,False,,,https://www.eca.europa.eu/fr/_vti_bin/spsdisco.aspx,
eu_court_justice_press,eu_court_justice,Cour de justice de l'Union européenne,judiciary,européen,Communiqués de presse,https://curia.europa.eu/site/jcms/d2_5158/fr/,https://curia.europa.eu/site/jcms/d2_5158/fr/,ok,200,text/html,html,html,True,allowed,2026-09-30T10:29:28.235858Z,2828,882132,False,,,,
eu_european_council_home,eu_european_council,Conseil européen,institution,européen,Portail du Conseil européen,https://www.consilium.europa.eu/fr/european-council/,,http_error,403,,html,unknown,,unknown,2026-09-30T10:29:26.511553Z,421,0,False,,,,HTTP 403: Forbidden
eu_european_council_meetings,eu_european_council,Conseil européen,institution,européen,Réunions du Conseil européen,https://www.consilium.europa.eu/fr/meetings/european-council/,,http_error,403,,html,unknown,,unknown,2026-09-30T10:29:26.704488Z,220,0,False,,,,HTTP 403: Forbidden
eu_parliament_home,eu_parliament,Parlement européen,parliament,européen,Portail du Parlement européen,https://www.europarl.europa.eu/portal/fr,https://www.europarl.europa.eu/portal/fr,ok,202,text/html,html,html,True,allowed,2026-09-30T10:29:26.029597Z,401,0,False,,,,
eu_parliament_press,eu_parliament,Parlement européen,parliament,européen,Salle de presse,https://www.europarl.europa.eu/news/fr/press-room,https://www.europarl.europa.eu/news/fr/press-room,ok,202,text/html,html,html,True,allowed,2026-09-30T10:29:26.430802Z,81,0,False,,,,
feb_press,feb,Fédération des Entreprises de Belgique,social_partner,national,Presse,https://www.vbo-feb.be/fr/pour-la-presse/,https://www.vbo-feb.be/fr/pour-la-presse/,ok,200,text/html,html,html,True,allowed,2026-09-30T10:28:14.923565Z,1147,526786,False,,,https://www.vbo-feb.be/fr/wp-json/wp/v2/pages/8236 | https://www.vbo-feb.be/fr/wp-json/feed/v1/posts,
federal_council,federal_press,Presscenter fédéral,institution,fédéral,Conseil des ministres,https://news.belgium.be/fr/conseil-des-ministres,https://news.belgium.be/fr/conseil-des-ministres,ok,200,text/html,html,html,True,allowed,2026-09-30T10:26:54.114516Z,722,37556,False,,,,
federal_news,federal_press,Presscenter fédéral,institution,fédéral,Actualités fédérales,https://news.belgium.be/fr,https://news.belgium.be/fr,ok,200,text/html,html,html,True,allowed,2026-09-30T10:26:54.113557Z,2086,45509,False,,,,
federal_ombudsman_press,federal_ombudsman,Médiateur fédéral,independent_public_body,fédéral,Pour la presse,https://www.mediateurfederal.be/fr/pour-la-presse,https://www.mediateurfederal.be/fr/pour-la-presse,ok,200,text/html,html,html,True,allowed,2026-09-30T10:27:17.058748Z,5939,67306,False,,2026-07-27T12:00:00Z,,
federal_pensions_news,federal_pensions,Service fédéral des Pensions,public_body,fédéral,Actualités,https://www.sfpd.fgov.be/fr/a-propos-de-nous/actualite/,https://www.sfpd.fgov.be/fr/a-propos-de-nous/actualite,ok,200,text/html,html,html,True,allowed,2026-09-30T10:27:26.479829Z,3174,23499,False,,,,
federal_rss,federal_press,Presscenter fédéral,institution,fédéral,Flux de tous les communiqués,https://news.belgium.be/fr/feeds/all,https://news.belgium.be/fr/feeds/all,ok,200,application/rss+xml,rss,rss,True,allowed,2026-09-30T10:26:54.115054Z,1558,7842,False,10,2026-09-30T07:52:15Z,,
fgtb_press,fgtb,FGTB,social_partner,national,Presse,https://fgtb.be/presse,https://fgtb.be/presse,ok,200,text/html,html,html,True,allowed,2026-09-30T10:27:03.537916Z,3586,53709,False,,,,
finance_news,fps_finance,SPF Finances,public_body,fédéral,Actualités,https://finances.belgium.be/fr/Actualites,https://finances.belgium.be/fr/Actualites,ok,200,text/html,html,html,True,allowed,2026-09-30T10:27:07.495579Z,1287,44801,False,,2026-09-27T22:00:00Z,https://finances.belgium.be/fr/Actualites/rss.xml,
finance_rss,fps_finance,SPF Finances,public_body,fédéral,Flux des actualités,https://finances.belgium.be/fr/Actualites/rss.xml,https://finances.belgium.be/fr/Actualites/rss.xml,ok,200,application/rss+xml,rss,rss,True,allowed,2026-09-30T10:27:29.820398Z,616,25267,False,10,2026-09-27T22:00:00Z,,
firm_news,firm_ifdh,Institut fédéral des droits humains,independent_public_body,fédéral,Actualités,https://institutfederaldroitshumains.be/fr/actualites,https://institutfederaldroitshumains.be/fr/actualites,ok,200,text/html,html,html,True,allowed,2026-09-30T10:28:35.585900Z,1930,117953,False,,2026-09-22T12:00:00Z,,
firm_publications,firm_ifdh,Institut fédéral des droits humains,independent_public_body,fédéral,Publications,https://institutfederaldroitshumains.be/fr/rechercher-publications,https://institutfederaldroitshumains.be/fr/rechercher-publications,ok,200,text/html,html,html,True,allowed,2026-09-30T10:28:35.705756Z,4451,95562,False,,,,
flanders_decisions,flemish_government,Gouvernement flamand,institution,région|communauté,Décisions du gouvernement,https://www.vlaanderen.be/vlaamse-regering/beslissingen-van-de-vlaamse-regering,https://www.vlaanderen.be/vlaamse-regering/beslissingen-van-de-vlaamse-regering,ok,200,text/html,html,html,True,allowed,2026-09-30T10:26:56.543861Z,1106,58216,False,,,,
flemish_administration_news,flemish_administration,Administration flamande,public_body,région|communauté,Nieuwsberichten,https://www.vlaanderen.be/nieuwsberichten,https://www.vlaanderen.be/nieuwsberichten,ok,200,text/html,html,html,True,allowed,2026-09-30T10:27:46.638694Z,827,51715,False,,,,
flemish_parliament_meetings,flemish_parliament,Parlement flamand,parliament,région|communauté,Réunions et comptes rendus,https://www.vlaamsparlement.be/nl/parlementair-werk/vergaderingen-en-verslagen,,http_error,403,,html,unknown,,unknown,2026-09-30T10:27:13.133862Z,156,0,False,,,,HTTP 403: Forbidden
flemish_utilities_news,flemish_utilities_regulator,Vlaamse Nutsregulator,regulator,région,Nieuws en persoverzicht,https://www.vlaamsenutsregulator.be/nieuws-en-persoverzicht,https://www.vlaamsenutsregulator.be/nieuws-en-persoverzicht,ok,200,text/html,html,html,True,allowed,2026-09-30T10:27:50.809330Z,906,46671,False,,,,
focus_wtv_home,focus_wtv,Focus & WTV,news_media,région,Regionaal nieuws,https://www.focus-wtv.be/,https://focus-wtv.be/,ok,200,text/html,html,html,True,allowed,2026-09-30T10:29:14.664960Z,4337,444097,False,,2026-09-30T00:00:00Z,https://focus-wtv.be/feed/focus-wtv/rss.xml,
focus_wtv_rss,focus_wtv,Focus & WTV,news_media,région,Focus en WTV RSS,https://focus-wtv.be/feed/focus-wtv/rss.xml,https://focus-wtv.be/feed/focus-wtv/rss.xml,parse_error,200,application/rss+xml,rss,rss,True,allowed,2026-09-30T10:29:15.447283Z,2197,10772,False,,,,"XML or text declaration not at start of entity: line 1, column 12"
foreign_affairs_news,fps_foreign_affairs,SPF Affaires étrangères,public_body,fédéral,Actualités,https://diplomatie.belgium.be/fr/actualites,https://diplomatie.belgium.be/fr/actualites,ok,200,text/html,html,html,True,allowed,2026-09-30T10:27:06.804367Z,1946,278326,False,,,,
forem_press,forem,Le Forem,public_body,région,Communiqués de presse,https://www.leforem.be/a-propos/communiques-presse.html,https://www.leforem.be/a-propos/communiques-presse.html,ok,200,text/html,html,html,True,allowed,2026-09-30T10:27:32.170845Z,2752,245669,False,,,,
free_mutualities_news,mutualities_free,Union nationale des Mutualités Libres,health_insurer,national,Actualités,https://www.mloz.be/fr/les-actualites-des-mutualites-libres,https://www.mloz.be/fr/les-actualites-des-mutualites-libres,ok,200,text/html,html_articles,html,True,allowed,2026-09-30T10:28:28.182129Z,1775,105957,False,,2026-09-21T00:00:00Z,,
fsma_news,fsma,Autorité des services et marchés financiers,regulator,fédéral,Actualités et mises en garde,https://www.fsma.be/fr/news-articles,https://www.fsma.be/fr/news-articles,ok,200,text/html,html,html,True,allowed,2026-09-30T10:27:19.918912Z,2702,172829,False,,2026-09-30T06:25:39Z,https://www.fsma.be/fr/news-articles/rss.xml,
fwb_administration_news,fwb_administration,Administration de la Fédération Wallonie-Bruxelles,public_body,communauté,Actualités,https://www.cfwb.be/,https://www.federation-wallonie-bruxelles.be/,ok,200,text/html,html,html,True,allowed,2026-09-30T10:27:53.195401Z,8666,237527,False,,,,
fwb_agenda,fwb_government,Gouvernement de la Fédération Wallonie-Bruxelles,institution,communauté,Ordres du jour,https://gouvernement.cfwb.be/home/presse--actualites/ordres-du-jour.html,https://gouvernement.cfwb.be/home/presse--actualites/ordres-du-jour.html,ok,200,text/html,html,html,True,missing,2026-09-30T10:26:57.650096Z,4228,44566,False,,2026-09-25T00:00:00Z,,
fwb_parliament_agenda,fwb_parliament,Parlement de la Fédération Wallonie-Bruxelles,parliament,communauté,Agenda,https://www.pfwb.be/agenda,https://www.pfwb.be/agenda,ok,200,text/html,html,html,True,allowed,2026-09-30T10:27:13.289604Z,5197,302422,False,,,,
fwb_releases,fwb_government,Gouvernement de la Fédération Wallonie-Bruxelles,institution,communauté,Communiqués de presse,https://gouvernement.cfwb.be/home/presse--actualites/communiques-de-presse.html,https://gouvernement.cfwb.be/home/presse--actualites/communiques-de-presse.html,ok,200,text/html,html,html,True,missing,2026-09-30T10:26:56.939542Z,3477,39725,False,,2026-04-30T00:00:00Z,,
german_parliament_schedule,german_parliament,Parlement de la Communauté germanophone,parliament,communauté,Termine,https://pdg.be/desktopdefault.aspx/tabid-4097/,https://pdg.be/desktopdefault.aspx/tabid-4097/,ok,200,text/html,html,html,True,allowed,2026-09-30T10:27:13.597535Z,1748,196217,False,,,,
gezinsbond_press,gezinsbond,Gezinsbond,civil_society,communauté,Persberichten,https://nieuws.gezinsbond.be/feed,https://nieuws.gezinsbond.be/feed,ok,200,application/xml,rss,rss,True,allowed,2026-09-30T10:28:49.426723Z,743,4500,False,10,2026-09-29T13:44:00Z,,
greenpeace_be_rss,greenpeace_be,Greenpeace Belgique,civil_society,national,Flux des actualités,https://www.greenpeace.org/belgium/fr/category/a-la-une/actualites/feed/,https://www.greenpeace.org/belgium/fr/category/a-la-une/actualites/feed/,ok,200,application/rss+xml,rss,rss,True,allowed,2026-09-30T10:28:22.676994Z,1674,129087,False,10,2026-09-17T15:12:17Z,,
grenzecho_home,grenzecho,GrenzEcho,news_media,communauté,Accueil et actualités,https://www.grenzecho.net/,https://www.grenzecho.net/,ok,200,text/html,html,html,True,allowed,2026-09-30T10:28:54.017972Z,832,421404,False,,2026-09-30T12:12:00Z,,
grip_news,grip,GRIP,civil_society,communauté,Recente artikels,https://www.gripvzw.be/,https://www.gripvzw.be/,ok,200,text/html,html,html,True,allowed,2026-09-30T10:28:50.826304Z,1653,66393,False,,,,
groen_party_rss,groen_party,Groen,political_party,national,Flux des actualités,https://www.groen.be/nieuws.rss,https://www.groen.be/nieuws.rss,ok,200,application/rss+xml,rss,rss,True,allowed,2026-09-30T10:28:09.809385Z,709,10549,False,20,2026-09-29T18:09:00Z,,
gva_rss,gva,Gazet van Antwerpen,news_media,région,Nieuwsfeed,https://www.gva.be/rss,https://www.gva.be/rss/,ok,200,text/xml,rss,rss,True,allowed,2026-09-30T10:28:58.281572Z,1048,86405,False,50,2026-09-30T10:25:46Z,,
hbvl_rss,hbvl,Het Belang van Limburg,news_media,région,Nieuwsfeed,https://www.hbvl.be/rss,https://www.hbvl.be/rss/,ok,200,text/xml,rss,rss,True,allowed,2026-09-30T10:28:58.314172Z,1286,75624,False,50,2026-09-30T10:24:58Z,,
health_news,fps_health,SPF Santé publique Sécurité de la Chaîne alimentaire et Environnement,public_body,fédéral,Actualités,https://www.health.belgium.be/fr/actualites,,network_error,,,html,unknown,,unknown,2026-09-30T10:27:09.506542Z,548,0,False,,,,Remote end closed connection without response
het_nieuwsblad_rss,het_nieuwsblad,Het Nieuwsblad,news_media,national,Nieuwsfeed,https://www.nieuwsblad.be/rss/,https://www.nieuwsblad.be/rss/,ok,200,text/xml,rss,rss,True,allowed,2026-09-30T10:28:58.180788Z,302,86616,False,50,2026-09-30T10:22:20Z,,
high_council_news,high_council_justice,Conseil supérieur de la Justice,independent_public_body,fédéral,Actualités,https://csj.be/fr/actualites,https://csj.be/fr/actualites,ok,200,text/html,html,html,True,allowed,2026-09-30T10:27:15.345632Z,1713,152409,False,,,,
hln_home,hln,Het Laatste Nieuws,news_media,national,Home en nieuws,https://www.hln.be/,https://myprivacy.dpgmedia.be/consent?siteKey=Uqxf9TXhjmaG4pbQ&callbackUrl=https%3A%2F%2Fwww.hln.be%2Fprivacy-gate%2Faccept-tcf2%3FredirectUri%3D%252F&isLoggedIn=false,ok,200,text/html,html,html,True,allowed,2026-09-30T10:28:54.434205Z,260,7866,False,,,,
hln_rss,hln,Het Laatste Nieuws,news_media,national,Nieuwsfeed,https://www.hln.be/home/rss.xml,https://www.hln.be/home/rss.xml,ok,200,application/rss+xml,rss,rss,True,allowed,2026-09-30T10:28:57.987303Z,193,50692,False,30,2026-09-30T10:28:48Z,,
hub_brussels_press,hub_brussels,hub.brussels,public_body,région,Presse,https://hub.brussels/fr/presse/,https://hub.brussels/fr/presse/,ok,200,text/html,html,html,True,unknown,2026-09-30T10:27:44.024490Z,2614,78692,False,,,https://hub.brussels/fr/feed/,
hub_brussels_rss,hub_brussels,hub.brussels,public_body,région,Flux des actualités,https://hub.brussels/fr/feed/,https://hub.brussels/fr/feed/,ok,200,application/rss+xml,rss,rss,True,unknown,2026-09-30T10:28:03.876017Z,1936,177201,False,10,2026-06-17T13:07:54Z,,
humo_home,humo,Humo,news_media,national,Home en actualiteit,https://www.humo.be/,https://myprivacy.dpgmedia.be/consent?siteKey=ZdzTNfFnK26aD0JT&callbackUrl=https%3A%2F%2Fwww.humo.be%2Fprivacygate-confirm%3FredirectUri%3D%252F&isLoggedIn=false,ok,200,text/html,html,html,True,allowed,2026-09-30T10:29:01.224229Z,407,7864,False,,,,
ibsa_news,ibsa,Institut Bruxellois de Statistique et d'Analyse,statistics,région,Actualités,https://ibsa.brussels/actualites,https://ibsa.brussels/actualites,ok,200,text/html,html,html,True,allowed,2026-09-30T10:27:37.156668Z,1880,86524,False,,,https://ibsa.brussels/news/rss.xml | https://ibsa.brussels/publications/rss.xml?f%5B0%5D=fn_commune%3A13&f%5B1%5D=fn_themes%3A64&f%5B2%5D=pagenews_annee%3A2018,
ibsa_news_rss,ibsa,Institut Bruxellois de Statistique et d'Analyse,statistics,région,Flux des actualités,https://ibsa.brussels/news/rss.xml,https://ibsa.brussels/news/rss.xml,ok,200,application/rss+xml,rss,rss,True,allowed,2026-09-30T10:28:04.147395Z,1115,7119,False,10,,,
ibsa_publications_rss,ibsa,Institut Bruxellois de Statistique et d'Analyse,statistics,région,Flux des publications,https://ibsa.brussels/publications/rss.xml,https://ibsa.brussels/publications/rss.xml,ok,200,application/rss+xml,rss,rss,True,allowed,2026-09-30T10:28:05.262871Z,494,5166,False,10,2026-09-23T04:00:00Z,,
igvm_iefh_news,igvm_iefh,Institut pour l'égalité des femmes et des hommes,independent_public_body,fédéral,Actualités,https://igvm-iefh.belgium.be/fr/actualites,https://igvm-iefh.belgium.be/fr/actualites,ok,200,text/html,html,html,True,allowed,2026-09-30T10:28:40.156870Z,1098,65867,False,,2026-09-18T00:00:00Z,,
inami_news,inami,Institut national d'assurance maladie-invalidité,public_body,fédéral,Nouvelles,https://www.inami.fgov.be/fr/page/nouvelles,https://www.inami.fgov.be/fr/page/nouvelles,ok,200,text/html,html_articles,html,True,allowed,2026-09-30T10:27:24.668806Z,2505,31784,False,,,,
inami_press,inami,Institut national d'assurance maladie-invalidité,public_body,fédéral,Communiqués de presse,https://www.inami.fgov.be/fr/presse,https://www.inami.fgov.be/fr/presse,ok,200,text/html,html_articles,html,True,allowed,2026-09-30T10:27:26.359879Z,1292,32021,False,,,,
inasti_news,inasti,Institut national d'assurances sociales pour travailleurs indépendants,public_body,fédéral,Actualités,https://www.inasti.be/fr/actualites,https://www.inasti.be/fr/actualites,ok,200,text/html,html,html,True,allowed,2026-09-30T10:27:24.068160Z,3076,69451,False,,,,
interior_news,fps_interior,SPF Intérieur,public_body,fédéral,Actualités,https://ibz.be/fr/actualites,https://ibz.be/fr/actualites,ok,200,text/html,html,html,True,allowed,2026-09-30T10:27:07.123784Z,1772,64799,False,,,,
iweps_news,iweps,Institut wallon de l'évaluation de la prospective et de la statistique,statistics,région,Actualités,https://www.iweps.be/actualites/,https://www.iweps.be/actualites/,ok,200,text/html,html,html,True,allowed,2026-09-30T10:27:31.873774Z,1539,90356,False,,2026-07-16T15:33:30Z,,
justice_news,fps_justice,SPF Justice,public_body,fédéral,Nouvelles,https://justice.belgium.be/fr/nouvelles,https://justice.belgium.be/fr/nouvelles,ok,200,text/html,html,html,True,allowed,2026-09-30T10:27:10.001610Z,1339,41901,False,,2026-09-07T14:07:54Z,https://justice.belgium.be/fr/news/rss,
kce_press,kce,Centre fédéral d'expertise des soins de santé,scientific_institute,fédéral,Communiqués de presse,https://www.kce.fgov.be/fr/persberichten-0,https://www.kce.fgov.be/fr/persberichten-0,ok,200,text/html,html,html,True,allowed,2026-09-30T10:27:27.173839Z,2202,133226,False,,2020-06-05T12:00:00Z,,
kinderrechten_advice,kinderrechtencommissariaat,Kinderrechtencommissariaat,independent_public_body,communauté,Adviezen,https://www.kinderrechten.be/advies,https://www.kinderrechten.be/advies,ok,200,text/html,html,html,True,allowed,2026-09-30T10:28:42.562569Z,926,103788,False,,2026-09-28T11:55:21Z,,
kinderrechten_news,kinderrechtencommissariaat,Kinderrechtencommissariaat,independent_public_body,communauté,Nieuws,https://www.kinderrechten.be/nieuws,https://www.kinderrechten.be/nieuws,ok,200,text/html,html,html,True,allowed,2026-09-30T10:28:41.254526Z,1308,64379,False,,2026-11-19T14:29:45Z,,
knack_home,knack,Knack,news_media,national,Home en nieuws,https://www.knack.be/,,http_error,405,,html,unknown,,allowed,2026-09-30T10:29:00.200879Z,3147,0,False,,,,HTTP 405: Not Allowed
la_libre_home,la_libre,La Libre Belgique,news_media,national,Accueil et actualités,https://www.lalibre.be/,https://www.lalibre.be/,ok,200,text/html,html,html,True,allowed,2026-09-30T10:28:52.479841Z,1001,2000000,True,,2026-09-30T00:00:00Z,https://www.lalibre.be/rss/about/,
la_libre_rss,la_libre,La Libre Belgique,news_media,national,Flux Belgique,https://www.lalibre.be/arc/outboundfeeds/rss/section/belgique/?outputType=xml,https://www.lalibre.be/arc/outboundfeeds/rss/section/belgique/?outputType=xml,ok,200,application/xml,rss,rss,True,allowed,2026-09-30T10:28:57.637080Z,644,128367,False,100,2026-09-30T10:27:04Z,,
lavenir_home,lavenir,L'Avenir,news_media,région,Accueil et actualités,https://www.lavenir.net/,https://www.lavenir.net/,ok,200,text/html,html,html,True,allowed,2026-09-30T10:28:52.873775Z,1560,2000000,True,,2026-09-30T00:00:00Z,https://www.lavenir.net/rss/about/,
lavenir_rss,lavenir,L'Avenir,news_media,région,Flux Belgique,https://www.lavenir.net/arc/outboundfeeds/rss/section/actu/belgique/?outputType=xml,https://www.lavenir.net/arc/outboundfeeds/rss/section/actu/belgique/?outputType=xml,ok,200,application/xml,rss,rss,True,allowed,2026-09-30T10:28:59.787234Z,528,108289,False,100,2026-09-30T10:28:55Z,,
ldh_wp,ligue_droits_humains,Ligue des droits humains,civil_society,communauté,Flux des publications,https://www.liguedh.be/feed/,https://www.liguedh.be/feed/,ok,200,application/rss+xml,rss,rss,True,allowed,2026-09-30T10:28:20.346469Z,2013,15368,False,9,2026-09-10T15:22:25Z,,
le_soir_home,le_soir,Le Soir,news_media,national,Accueil et actualités,https://www.lesoir.be/,https://www.lesoir.be/,ok,200,text/html,html,html,True,allowed,2026-09-30T10:28:52.140305Z,733,625017,False,,,https://www.lesoir.be/services/rss,
le_soir_rss,le_soir,Le Soir,news_media,national,Flux principal,https://www.lesoir.be/rss2/9/cible_principale,https://www.lesoir.be/rss2/9/cible_principale,ok,200,application/rss+xml,rss,rss,True,allowed,2026-09-30T10:28:57.560365Z,257,13955,False,10,2026-09-30T10:27:29Z,,
le_vif_home,le_vif,Le Vif,news_media,national,Accueil et actualités,https://www.levif.be/,,http_error,405,,html,unknown,,allowed,2026-09-30T10:29:00.177380Z,1047,0,False,,,,HTTP 405: Not Allowed
lecho_home,lecho,L'Echo,news_media,national,Accueil et actualités,https://www.lecho.be/,https://www.lecho.be/,ok,200,text/html,html,html,True,allowed,2026-09-30T10:28:53.480987Z,537,2000000,True,,,https://www.lecho.be/rss,
lecho_rss,lecho,L'Echo,news_media,national,Flux actualité,https://www.lecho.be/rss/actualite.xml,https://www.lecho.be/rss/actualite.xml,ok,200,text/xml,rss,rss,True,allowed,2026-09-30T10:29:00.012798Z,188,6813,False,10,2026-09-30T10:28:03Z,,
lecho_rss_directory,lecho,L'Echo,news_media,national,Répertoire des flux RSS,https://www.lecho.be/rss,https://www.lecho.be/rss,ok,200,text/html,html,html,True,allowed,2026-09-30T10:28:53.678733Z,618,618160,False,,,https://www.lecho.be/rss/actualite.xml | https://www.lecho.be/rss/politique.xml | https://www.lecho.be/rss/politique_belgique.xml | https://www.lecho.be/rss/politique_belgique_bruxelles.xml | https://www.lecho.be/rss/politique_belgique_wallonie.xml | https://www.lecho.be/rss/politique_belgique_flandre.xml | https://www.lecho.be/rss/europe.xml | https://www.lecho.be/rss/international.xml | https://www.lecho.be/rss/entreprises.xml | https://www.lecho.be/rss/entreprises_auto.xml,
les_engages_party_rss,les_engages_party,Les Engagés,political_party,national,Actualités du parti,https://www.lesengages.be/,https://www.lesengages.be/,ok,200,text/html,html,html,True,allowed,2026-09-30T10:28:05.855272Z,1698,75508,False,,2026-09-30T10:28:07Z,https://www.lesengages.be/feed/,
liberal_mutualities_news,mutualities_liberal,Union nationale des Mutualités Libérales,health_insurer,national,Actualités,https://www.lm-ml.be/fr/actualites,https://www.lm-ml.be/fr/actualites,ok,200,text/html,html_articles,html,True,allowed,2026-09-30T10:28:27.752220Z,1901,181096,False,,2026-09-22T12:12:30Z,,
liga_mensenrechten_news,liga_mensenrechten,Liga voor Mensenrechten,civil_society,communauté,Mensenrechtennieuws,https://mensenrechten.be/mensenrechtennieuws,https://mensenrechten.be/mensenrechtennieuws,ok,200,text/html,html,html,True,allowed,2026-09-30T10:28:20.960193Z,1449,37095,False,,,,
ligue_familles_press,ligue_familles,Ligue des familles,civil_society,communauté,Communiqués de presse,https://liguedesfamilles.be/presse,https://liguedesfamilles.be/presse,ok,200,text/html,html,html,True,allowed,2026-09-30T10:28:48.524557Z,1568,4822,False,,,,
matele_home,matele,Matélé,news_media,région,Actualités régionales,https://www.matele.be/,https://www.matele.be/,ok,200,text/html,html,html,True,allowed,2026-09-30T10:29:07.232385Z,1618,52188,False,,,https://www.matele.be/feed/rss/?lng=fr | https://www.matele.be/feed/rss/,
mc_news,mutualities_christian,Alliance nationale des mutualités chrétiennes,health_insurer,national,Actualités MC,https://www.mc.be/fr/actualites,,http_error,403,,html,unknown,,unknown,2026-09-30T10:28:23.964049Z,143,0,False,,,,HTTP 403: Forbidden
medor_home,medor,Médor,news_media,national,Derniers articles,https://medor.coop/tous-les-articles/,https://medor.coop/tous-les-articles/,ok,200,text/html,html,html,True,missing,2026-09-30T10:29:03.251884Z,2557,34749,False,,2019-02-18T00:00:00Z,https://medor.coop/rss.xml,
medor_rss,medor,Médor,news_media,national,Flux des derniers articles,https://medor.coop/rss.xml,https://medor.coop/rss.xml,ok,200,application/rss+xml,rss,rss,True,missing,2026-09-30T10:29:03.348201Z,1803,32362,False,30,2026-09-03T04:05:08Z,,
mobility_news,fps_mobility,SPF Mobilité et Transports,public_body,fédéral,Actualités,https://mobilit.belgium.be/fr/news,https://mobilit.belgium.be/fr/news,ok,200,text/html,html,html,True,allowed,2026-09-30T10:27:08.750387Z,1251,53148,False,,2026-09-28T00:00:00Z,http://mobilit.belgium.be/fr/news/feed/all,
mobility_rss,fps_mobility,SPF Mobilité et Transports,public_body,fédéral,Flux des actualités,http://mobilit.belgium.be/fr/news/feed/all,https://mobilit.belgium.be/fr/news/feed/all,ok,200,application/rss+xml,rss,rss,True,allowed,2026-09-30T10:27:30.142462Z,3146,10750,False,10,2026-09-28T08:41:41Z,,
moustique_home,moustique,Moustique,news_media,communauté,Accueil et actualités,https://www.moustique.be/,https://www.moustique.be/,ok,200,text/html,html,html,True,allowed,2026-09-30T10:29:01.631746Z,1562,1579192,False,,,https://www.moustique.be/rss/about/,
mr_party_rss,mr_party,Mouvement Réformateur,political_party,national,Flux des actualités,https://www.mr.be/feed/,https://www.mr.be/feed/,ok,200,application/rss+xml,rss,rss,True,allowed,2026-09-30T10:28:05.756417Z,2685,54159,False,10,2026-09-29T07:56:10Z,,
myria_news,myria,Myria,independent_public_body,fédéral,Actualités,https://www.myria.be/fr/actualite,https://www.myria.be/fr/actualite,ok,200,text/html,html,html,True,missing,2026-09-30T10:27:18.486248Z,6183,47784,False,,,,
nbb_releases,nbb,Banque nationale de Belgique,public_body,fédéral,Communiqués de presse,https://www.nbb.be/fr/actualites-et-evenements/actualites/communiques-de-presse,https://www.nbb.be/fr/actualites/communiques-de-presse,ok,200,text/html,html,html,True,allowed,2026-09-30T10:27:00.682744Z,1311,122889,False,,2026-09-24T12:00:00Z,https://www.nbb.be/fr/news_rss.xml | https://www.nbb.be/fr/blog_rss.xml | https://www.nbb.be/fr/publication_rss.xml,
netwerk_armoede_news,netwerk_tegen_armoede,Netwerk tegen Armoede,civil_society,région,Nieuws,https://www.netwerktegenarmoede.be/nl/nieuws,https://www.netwerktegenarmoede.be/nl/nieuws,ok,200,text/html,html,html,True,allowed,2026-09-30T10:28:19.794513Z,2346,91638,False,,,,
neutral_mutualities_news,mutualities_neutral,Union nationale des mutualités neutres,health_insurer,national,Actualités,https://www.unmn-lnz.be/fr,https://www.unmn-lnz.be/fr,ok,200,text/html,html,html,True,allowed,2026-09-30T10:28:24.350734Z,2495,59619,False,,,,
noozo_news,noozo,NOOZO,civil_society,communauté,Nieuws,https://www.noozo.be/nl/nieuws/,https://www.noozo.be/nl/nieuws/,ok,200,text/html,html,html,True,allowed,2026-09-30T10:28:51.881482Z,1797,57806,False,,,,
notele_home,notele,Notélé,news_media,région,Actualités régionales,https://www.notele.be/,https://www.notele.be/,ok,200,text/html,html,html,True,allowed,2026-09-30T10:29:07.641007Z,686,371583,False,,,,
nva_party_news,nva_party,N-VA,political_party,national,Nieuws,https://www.n-va.be/nieuws,,http_error,403,,html,unknown,,unknown,2026-09-30T10:28:08.395186Z,279,0,False,,,,HTTP 403: Forbidden
om_mp_news,om_mp,Ministère public,judiciary,fédéral,Actualités,https://www.om-mp.be/fr/nos-publications?f%5B0%5D=type%3A3,https://www.om-mp.be/fr/nos-publications?f%5B0%5D=type%3A3,ok,200,text/html,html,html,True,allowed,2026-09-30T10:28:29.957224Z,1554,58028,False,,,,
om_mp_statistics,om_mp,Ministère public,judiciary,fédéral,Statistiques,https://stat.om-mp.be/intro_f.html,https://stat.om-mp.be/intro_f.html,ok,200,text/html,html,html,True,missing,2026-09-30T10:28:31.511296Z,1023,2906,False,,,,
one_news,one,Office de la Naissance et de l'Enfance,public_body,communauté,Actualités,https://www.one.be/,https://www.one.be/public/,ok,200,text/html,html,html,True,missing,2026-09-30T10:27:54.217182Z,4795,204345,False,,,,
onem_press,onem,Office national de l'emploi,public_body,fédéral,Espace presse,https://www.onem.be/espace-presse,https://www.onem.be/espace-presse,ok,200,text/html,html,html,True,allowed,2026-09-30T10:27:22.997752Z,3362,121925,False,,,,
onss_news,onss,Office national de sécurité sociale,public_body,fédéral,Actualités,https://www.onss.be/actualites,https://www.onss.be/actualites,ok,200,text/html,html,html,True,allowed,2026-09-30T10:27:23.914135Z,2566,41627,False,,,,
ostbelgien_portal,german_speaking_community,Communauté germanophone,institution,communauté,Actualités institutionnelles,https://www.ostbelgienlive.be/desktopdefault.aspx/tabid-71/,https://ostbelgienlive.be/desktopdefault.aspx/tabid-71/,ok,200,text/html,html,html,True,allowed,2026-09-30T10:26:58.754768Z,2590,206040,False,,,,
ostbelgien_statistics_news,ostbelgien_statistics,Ostbelgien Statistik,statistics,communauté,Aktuelles,https://ostbelgienstatistik.be/,https://ostbelgienstatistik.be/,ok,200,text/html,html,html,True,allowed,2026-09-30T10:28:01.861288Z,1599,103885,False,,,,
ovb_news,ovb,Orde van Vlaamse Balies,professional_body,communauté,Nieuws en events,https://www.ordevanvlaamsebalies.be/nl/nieuws-en-events,https://www.ordevanvlaamsebalies.be/nl/nieuws-en-events,ok,200,text/html,html,html,True,allowed,2026-09-30T10:28:39.177224Z,9347,231382,False,,,,
pff_dg_party_news,pff_dg_party,PFF Ostbelgien,political_party,communauté,Aktuelles,https://www.pff.be/,https://www.pff.be/,ok,200,text/html,html,html,True,allowed,2026-09-30T10:28:12.660019Z,957,628112,False,,,,
plan_calendar,planning_bureau,Bureau fédéral du Plan,public_body,fédéral,Calendrier,https://www.plan.be/fr/actualit%C3%A9s/calendrier,https://www.plan.be/fr/actualit%C3%A9s/calendrier,ok,200,text/html,html,html,True,allowed,2026-09-30T10:27:01.878612Z,1324,85861,False,,,,
plan_press,planning_bureau,Bureau fédéral du Plan,public_body,fédéral,Presse,https://www.plan.be/fr/presse,https://www.plan.be/fr/presse,ok,200,text/html,html,html,True,allowed,2026-09-30T10:27:01.344478Z,1847,67383,False,,,,
prime_minister_news,prime_minister,Premier ministre,institution,fédéral,Actualités,https://premier.be/fr/actualites,https://premier.be/fr/actualites,ok,200,text/html,html,html,True,allowed,2026-09-30T10:27:05.242883Z,843,56804,False,,2026-09-15T11:09:55Z,,
prodg_party_wp,prodg_party,ProDG,political_party,communauté,Aktuelles,https://prodg.be/category/aktuelles/,https://prodg.be/category/aktuelles/,ok,200,text/html,html,html,True,allowed,2026-09-30T10:28:10.518370Z,2142,83558,False,,,https://prodg.be/wp-json/wp/v2/categories/61,
province_antwerp_home,province_antwerp,Province d'Anvers,institution,province,Actualités et administration provinciales,https://www.provincieantwerpen.be/,,http_error,403,,html,unknown,,unknown,2026-09-30T10:29:16.828877Z,684,0,False,,,,HTTP 403: Forbidden
province_east_flanders_home,province_east_flanders,Province de Flandre-Orientale,institution,province,Actualités et administration provinciales,https://www.oost-vlaanderen.be/,https://oost-vlaanderen.be/,ok,200,text/html,html,html,True,allowed,2026-09-30T10:29:21.296450Z,2792,38363,False,,,,
province_flemish_brabant_home,province_flemish_brabant,Province du Brabant flamand,institution,province,Actualités et administration provinciales,https://www.vlaamsbrabant.be/nl,https://www.vlaamsbrabant.be/nl,ok,200,text/html,html,html,True,allowed,2026-09-30T10:29:22.668721Z,1976,94839,False,,2026-11-19T16:45:00Z,,
province_hainaut_home,province_hainaut,Province de Hainaut,institution,province,Actualités et administration provinciales,https://www.hainaut.be/,https://www.hainaut.be/,ok,200,text/html,html,html,True,allowed,2026-09-30T10:29:17.513157Z,3783,35001,False,,,,
province_liege_home,province_liege,Province de Liège,institution,province,Actualités et administration provinciales,https://www.prov-liege.be/,,network_error,,,html,unknown,,unknown,2026-09-30T10:29:17.684158Z,30955,0,False,,,,Connexion impossible: timed out
province_limburg_home,province_limburg,Province de Limbourg,institution,province,Actualités et administration provinciales,https://www.limburg.be/,https://www.limburg.be/,ok,200,text/html,html,html,True,allowed,2026-09-30T10:29:17.644437Z,3023,267761,False,,2026-10-08T17:00:00Z,,
province_luxembourg_home,province_luxembourg,Province de Luxembourg,institution,province,Actualités et administration provinciales,https://www.province.luxembourg.be/,,network_error,,,html,unknown,,unknown,2026-09-30T10:29:19.002414Z,30860,0,False,,,,Connexion impossible: timed out
province_namur_home,province_namur,Province de Namur,institution,province,Actualités et administration provinciales,https://www.province.namur.be/,https://www.province.namur.be/,ok,200,text/html,html,html,True,allowed,2026-09-30T10:29:20.667332Z,2001,83298,False,,,https://www.province.namur.be/wp-json/wp/v2/pages/45,
province_namur_rss,province_namur,Province de Namur,institution,province,Flux des actualités,https://www.province.namur.be/feed/,https://www.province.namur.be/feed/,ok,200,application/rss+xml,rss,rss,True,allowed,2026-09-30T10:29:25.194469Z,835,43131,False,10,2026-09-29T14:30:37Z,,
province_walloon_brabant_home,province_walloon_brabant,Province du Brabant wallon,institution,province,Actualités et administration provinciales,https://www.brabantwallon.be/,https://www.brabantwallon.be/,ok,200,text/html,html,html,True,allowed,2026-09-30T10:29:24.088017Z,2616,182504,False,,,https://www.brabantwallon.be/RSS | https://www.brabantwallon.be/rss.xml | https://www.brabantwallon.be/atom.xml,
province_west_flanders_home,province_west_flanders,Province de Flandre-Occidentale,institution,province,Actualités et administration provinciales,https://www.west-vlaanderen.be/,,http_error,403,,html,unknown,,allowed,2026-09-30T10:29:24.644468Z,550,0,False,,,,HTTP 403: Forbidden
ps_party_rss,ps_party,Parti Socialiste,political_party,national,Flux des actualités,https://www.ps.be/actualites.rss,https://www.ps.be/actualites.rss,ok,200,application/rss+xml,rss,rss,True,allowed,2026-09-30T10:28:05.811591Z,689,13587,False,20,2026-09-28T12:54:00Z,,
ptb_party_news,ptb_pvda_party,PTB-PVDA,political_party,national,Actualités PTB,https://www.ptb.be/actualites,https://www.ptb.be/actualites,ok,200,text/html,html,html,True,allowed,2026-09-30T10:28:06.500183Z,1292,370470,False,,,,
pvda_party_news,ptb_pvda_party,PTB-PVDA,political_party,national,Nieuws PVDA,https://www.pvda.be/nieuws,https://www.pvda.be/nieuws,ok,200,text/html,html,html,True,allowed,2026-09-30T10:28:07.553565Z,879,373711,False,,,,
qu4tre_home,qu4tre,Qu4tre,news_media,région,Actualités régionales,https://www.qu4tre.be/,https://www.qu4tre.be/,ok,200,text/html,html,html,True,allowed,2026-09-30T10:29:07.809022Z,2301,437262,False,,,https://www.qu4tre.be/flux-rss.xml,
qu4tre_rss,qu4tre,Qu4tre,news_media,région,Flux des actualités,https://www.qu4tre.be/flux-rss.xml,https://www.qu4tre.be/flux-rss.xml,ok,200,application/rss+xml,rss,rss,True,allowed,2026-09-30T10:29:15.776943Z,1052,102297,False,30,2026-09-30T08:50:47Z,,
rbdh_analyses,rbdh,Rassemblement bruxellois pour le droit à l'habitat,civil_society,région,Analyses et études,https://rbdh-bbrow.be/analyses/,https://rbdh-bbrow.be/analyses/,ok,200,text/html,html,html,True,allowed,2026-09-30T10:28:46.180481Z,1814,118334,False,,,https://rbdh-bbrow.be/feed/ | https://rbdh-bbrow.be/comments/feed/ | https://rbdh-bbrow.be/wp-json/wp/v2/pages/677,
rbdh_news,rbdh,Rassemblement bruxellois pour le droit à l'habitat,civil_society,région,Actualités et actions,https://rbdh-bbrow.be/feed/,https://rbdh-bbrow.be/feed/,ok,200,application/rss+xml,rss,rss,True,allowed,2026-09-30T10:28:44.640074Z,3131,52630,False,10,2026-09-08T11:06:34Z,,
ringtv_home,ringtv,RINGtv,news_media,région,Regionaal nieuws,https://www.ringtv.be/,,http_error,403,,html,unknown,,unknown,2026-09-30T10:29:15.197151Z,250,0,False,,,,HTTP 403: Forbidden
robtv_home,robtv,ROBtv,news_media,région,Regionaal nieuws,https://www.robtv.be/,https://www.robtv.be/,ok,200,text/html,html,html,True,allowed,2026-09-30T10:29:14.106617Z,2596,152502,False,,,,
rtbf_info_home,rtbf_info,RTBF Info,news_media,communauté,Accueil RTBF Info,https://www.rtbf.be/,https://www.rtbf.be/,ok,200,text/html,html,html,True,allowed,2026-09-30T10:28:54.849773Z,2683,1796704,False,,2026-09-30T10:00:21Z,,
rtbf_info_rss,rtbf_info,RTBF Info,news_media,communauté,Flux RTBF Info,https://rss.rtbf.be/article/rss/highlight_rtbf_info.xml?source=internal,https://rss.rtbf.be/article/rss/highlight_rtbf_info.xml?source=internal,ok,200,text/xml,rss,rss,True,unknown,2026-09-30T10:28:58.531098Z,1482,21451,False,20,2026-09-30T10:27:04Z,,
rtl_info_home,rtl_info,RTL info,news_media,national,RTL info,https://www.rtl.be/info,https://www.rtl.be/,ok,200,text/html,html,html,True,allowed,2026-09-30T10:28:56.093287Z,1544,589905,False,,2026-09-30T11:56:26Z,,
rtv_home,rtv,RTV,news_media,région,Regionaal nieuws,https://www.rtv.be/,https://www.rtv.be/,ok,200,text/html,html,html,True,allowed,2026-09-30T10:29:15.403908Z,373,553376,False,,,,
rwdh_news,rwdh,Rassemblement wallon pour le droit à l'habitat,civil_society,région,Actualités,https://rwdh.be/,https://rwdh.be/,ok,200,text/html,html,html,True,allowed,2026-09-30T10:28:47.770876Z,1656,956,False,,,,
rwlp_rss,rwlp,Réseau wallon de lutte contre la pauvreté,civil_society,région,Flux des actualités,https://rwlp.be/feed/,https://rwlp.be/feed/,ok,200,application/rss+xml,rss,rss,True,allowed,2026-09-30T10:28:18.185671Z,2774,325269,False,10,2026-09-28T07:24:32Z,,
sciensano_press,sciensano,Sciensano,scientific_institute,fédéral,Coin presse,https://www.sciensano.be/fr/coin-presse,https://www.sciensano.be/fr/coin-presse,ok,200,text/html,html,html,True,allowed,2026-09-30T10:27:27.143842Z,2338,139839,False,,2026-09-23T08:19:28Z,,
senate_news,senate,Sénat de Belgique,parliament,fédéral,Actualités institutionnelles,https://www.senate.be/www/?LANG=fr&MENUID=56000&MIval=index_senate,https://www.senate.be/www/?LANG=fr&MENUID=56000&MIval=index_senate,ok,200,text/html,html,html,True,allowed,2026-09-30T10:27:11.340306Z,1794,1751,False,,,,
serv_news,serv,Sociaal-Economische Raad van Vlaanderen,consultative_body,région,Nieuws,https://www.serv.be/serv/nieuws,https://www.serv.be/serv/nieuws,ok,200,text/html,html,html,True,allowed,2026-09-30T10:27:51.008175Z,1580,51491,False,,2026-09-10T06:16:42Z,https://www.serv.be/serv/rss.xml,
slrb_news,slrb,Société du Logement de la Région de Bruxelles-Capitale,public_body,région,Actualités,https://slrb-bghm.brussels/fr/actualites,https://slrb-bghm.brussels/fr/actualites,ok,200,text/html,html,html,True,allowed,2026-09-30T10:27:45.579151Z,2292,77588,False,,2026-09-24T07:08:20Z,,
social_integration_news,spp_social_integration,SPP Intégration sociale,public_body,fédéral,Nouvelles,https://www.mi-is.be/fr/nouvelles,https://www.mi-is.be/fr/nouvelles,ok,200,text/html,html,html,True,allowed,2026-09-30T10:27:10.245664Z,1418,57639,False,,,,
social_security_news,fps_social_security,SPF Sécurité sociale,public_body,fédéral,Actualités,https://socialsecurity.belgium.be/fr/news,https://socialsecurity.belgium.be/fr/news,ok,200,text/html,html,html,True,allowed,2026-09-30T10:27:08.895852Z,1350,39566,False,,2026-09-29T14:52:28Z,,
solidaris_flanders_news,mutualities_solidaris,Union nationale des mutualités socialistes Solidaris,health_insurer,national,Nieuws Solidaris Vlaanderen,https://www.solidaris-vlaanderen.be/nieuws,https://www.solidaris-vlaanderen.be/regiokeuze?nid=0&src=/nieuws,ok,200,text/html,html,html,True,allowed,2026-09-30T10:28:26.845350Z,907,21534,False,,,,
solidaris_wallonia_news,mutualities_solidaris,Union nationale des mutualités socialistes Solidaris,health_insurer,national,Actualités Solidaris Wallonie,https://www.solidaris-wallonie.be/,https://www.solidaris-wallonie.be/,ok,200,text/html,html,html,True,allowed,2026-09-30T10:28:24.428934Z,3753,422233,False,,,,
sp_dg_party_rss,sp_dg_party,SP Ostbelgien,political_party,communauté,Flux des actualités,https://spostbelgien.be/feed/,https://spostbelgien.be/feed/,ok,200,application/rss+xml,rss,rss,True,allowed,2026-09-30T10:28:10.918457Z,7020,96020,False,10,2026-09-23T13:20:35Z,,
spw_news,spw,Service public de Wallonie,public_body,région,Actualités,https://spw.wallonie.be/actualites,https://spw.wallonie.be/actualites,ok,200,text/html,html,html,True,allowed,2026-09-30T10:27:31.500914Z,1934,41455,False,,,,
statbel_news,statbel,Statbel,statistics,fédéral,Nouvelles,https://statbel.fgov.be/fr/nouvelles,https://statbel.fgov.be/fr/nouvelles,ok,200,text/html,html,html,True,allowed,2026-09-30T10:27:01.993501Z,2083,147460,False,,2026-09-30T12:00:00Z,,
statistics_flanders_updates,statistics_flanders,Statistiek Vlaanderen,statistics,région|communauté,Statistiek Vlaanderen,https://www.vlaanderen.be/statistiek-vlaanderen,https://www.vlaanderen.be/statistiek-vlaanderen,ok,200,text/html,html,html,True,allowed,2026-09-30T10:27:47.352317Z,756,142268,False,,,,
stib_press,stib,STIB,public_company,région,Espace presse,https://stib.prezly.com/,https://stib.prezly.com/,ok,200,text/html,html,html,True,allowed,2026-09-30T10:27:46.380559Z,972,190332,False,,,https://stib.prezly.com/feed,
stib_press_rss,stib,STIB,public_company,région,Flux presse,https://stib.prezly.com/feed,https://stib.prezly.com/feed,ok,200,application/xml,rss,rss,True,allowed,2026-09-30T10:28:05.314169Z,541,4291,False,10,2026-09-15T09:32:00Z,,
sudinfo_home,sudinfo,Sudinfo,news_media,région,Accueil et actualités,https://www.sudinfo.be/,https://www.sudinfo.be/,ok,200,text/html,html,html,True,allowed,2026-09-30T10:28:53.084927Z,816,984046,False,,2026-09-30T12:14:49Z,,
sudinfo_rss,sudinfo,Sudinfo,news_media,région,Flux principal,https://www.sudinfo.be/rss2/2023/cible_principale_gratuit,https://www.sudinfo.be/rss2/rank/3159/cible_principale_gratuit,ok,200,application/rss+xml,rss,rss,True,allowed,2026-09-30T10:28:57.665506Z,420,65935,False,50,2026-09-30T10:25:53Z,,
swl_news,swl,Société wallonne du Logement,public_body,région,Actualités du logement,https://www.swl.be/,,network_error,,,html,unknown,,unknown,2026-09-30T10:27:34.922701Z,30659,0,False,,,,Connexion impossible: timed out
team_fouad_ahidar_instagram,team_fouad_ahidar,Team Fouad Ahidar,political_party,région,Page publique Instagram,https://www.instagram.com/teamfouadahidar/,,blocked_by_robots,,,html,unknown,,disallowed,2026-09-30T10:28:10.380320Z,375,0,False,,,,Accès interdit pour la sonde par robots.txt
tec_press,tec,TEC,public_company,région,Espace presse,https://presse.letec.be/,https://presse.letec.be/,ok,200,text/html,html,html,True,allowed,2026-09-30T10:27:36.014835Z,1142,106613,False,,,https://presse.letec.be/feed,
tec_press_rss,tec,TEC,public_company,région,Flux presse,https://presse.letec.be/feed,https://presse.letec.be/feed,ok,200,application/xml,rss,rss,True,allowed,2026-09-30T10:28:05.581954Z,566,371,False,0,2026-09-30T10:28:06Z,,
tele_mb_home,tele_mb,Télé MB,news_media,région,Actualités régionales,https://www.telemb.be/,https://www.telemb.be/,ok,200,text/html,html,html,True,allowed,2026-09-30T10:29:07.884564Z,1790,234575,False,,2026-09-30T10:09:00Z,,
telesambre_home,telesambre,Télésambre,news_media,région,Actualités régionales,https://www.telesambre.be/,https://www.telesambre.be/,ok,200,text/html,html,html,True,allowed,2026-09-30T10:29:08.326825Z,3358,175288,False,,2026-09-30T09:45:00Z,,
testachats_releases,test_achats,Testachats,consumer_association,national,Communiqués,https://www.test-achats.be/tous-les-contenus/communiques,https://www.test-achats.be/tous-les-contenus/communiques,ok,200,text/html,html,html,True,allowed,2026-09-30T10:27:03.202449Z,2040,381490,False,,,https://www.test-achats.be/rss,
trends_home,trends,Trends,news_media,national,Home en economisch nieuws,https://www.trends.be/,,http_error,405,,html,unknown,,allowed,2026-09-30T10:29:00.527310Z,3719,0,False,,,,HTTP 405: Not Allowed
trends_tendances_home,trends_tendances,Trends-Tendances,news_media,national,Accueil et actualités économiques,https://trends.levif.be/,,http_error,405,,html,unknown,,allowed,2026-09-30T10:29:00.314829Z,2305,0,False,,,,HTTP 405: Not Allowed
trends_z_fr,trends_z,Trends Z,news_media,national,Trends Z francophone,https://trends.levif.be/trends-z/,,http_error,405,,html,unknown,,allowed,2026-09-30T10:29:03.218953Z,342,0,False,,,,HTTP 405: Not Allowed
trends_z_nl,trends_z,Trends Z,news_media,national,Trends Z Nederlandstalig,https://trends.knack.be/trends-z/,,http_error,405,,html,unknown,,allowed,2026-09-30T10:29:03.193334Z,59,0,False,,,,HTTP 405: Not Allowed
tv_com_home,tv_com,TV Com,news_media,région,Actualités régionales,https://www.tvcom.be/,https://www.tvcom.be/,ok,200,text/html,html,html,True,allowed,2026-09-30T10:29:08.850502Z,1883,116363,False,,2026-09-29T18:15:00Z,,
tv_lux_home,tv_lux,TV Lux,news_media,région,Actualités régionales,https://www.tvlux.be/,https://www.tvlux.be/,ok,200,text/html,html,html,True,allowed,2026-09-30T10:29:09.674255Z,2863,160052,False,,2026-09-30T09:13:00Z,https://www.tvlux.be/rss,
tv_lux_rss,tv_lux,TV Lux,news_media,région,Flux des actualités,https://www.tvlux.be/rss,https://www.tvlux.be/rss,ok,200,application/rss+xml,rss,rss,True,allowed,2026-09-30T10:29:16.702635Z,981,31667,False,24,2026-09-30T10:29:17Z,,
tv_oost_home,tv_oost,TV Oost,news_media,région,Regionaal nieuws,https://www.tvoost.be/,https://www.tvoost.be/,ok,200,text/html,html,html,True,allowed,2026-09-30T10:29:12.536992Z,2128,180147,False,,,,
tvl_home,tvl,TV Limburg,news_media,région,Regionaal nieuws,https://www.tvl.be/,https://www.tvl.be/,ok,200,text/html,html,html,True,allowed,2026-09-30T10:29:11.918330Z,2188,266528,False,,,,
ucm_press,ucm,UCM,social_partner,région,Communiqués de presse,https://www.ucm.be/actualites/communiques-de-presse,https://www.ucm.be/actualites/communiques-de-presse,ok,200,text/html,html,html,True,allowed,2026-09-30T10:28:17.536202Z,2810,58980,False,,,,
unia_news,unia,Unia,independent_public_body,national,Actualités,https://www.unia.be/fr/actualit%C3%A9s,https://www.unia.be/fr/actualit%C3%A9s,ok,200,text/html,html,html,True,allowed,2026-09-30T10:27:04.076859Z,2727,146302,False,,,,
unizo_news,unizo,UNIZO,social_partner,région,Nieuws,https://www.unizo.be/berichten/nieuws,https://www.unizo.be/berichten/nieuws,ok,200,text/html,html,html,True,allowed,2026-09-30T10:28:17.938862Z,1856,121310,False,,,,
vdab_press,vdab,VDAB,public_body,région,Nieuws voor de pers,https://www.vdab.be/nieuws-voor-de-pers,https://www.vdab.be/nieuws-voor-de-pers,ok,200,text/html,html,html,True,allowed,2026-09-30T10:27:47.465840Z,3542,80120,False,,2026-09-30T07:00:00Z,,
vedia_home,vedia,VEDIA,news_media,région,Actualités régionales,https://www.vedia.be/,https://www.vedia.be/,ok,200,text/html,html,html,True,allowed,2026-09-30T10:29:10.110337Z,1808,137970,False,,2026-09-30T07:53:00Z,,
vivalis_news,vivalis,Vivalis,public_body,région|communauté,Actualités,https://www.vivalis.brussels/fr/actualites,https://www.vivalis.brussels/fr/actualites,ok,200,text/html,html,html,True,allowed,2026-09-30T10:27:41.501409Z,2123,43953,False,,,,
vivant_dg_party_rss,vivant_dg_party,Vivant Ostbelgien,political_party,communauté,Flux des actualités,https://vivant-ostbelgien.org/feed/,https://vivant-ostbelgien.org/feed/,ok,200,application/rss+xml,rss,rss,True,allowed,2026-09-30T10:28:10.755769Z,4168,74463,False,10,2026-08-14T09:33:30Z,,
vlaams_belang_party_news,vlaams_belang_party,Vlaams Belang,political_party,national,Nieuws,https://www.vlaamsbelang.org/nieuws,https://www.vlaamsbelang.org/nieuws,ok,200,text/html,html,html,True,allowed,2026-09-30T10:28:08.432853Z,1947,249814,False,,,,
vlaams_huurdersplatform_news,vlaams_huurdersplatform,Vlaams Huurdersplatform,civil_society,région,Actualiteit,https://huurdersplatform.be/,https://huurdersplatform.be/,ok,200,text/html,html,html,True,allowed,2026-09-30T10:28:47.994221Z,1478,159909,False,,,,
vlaio_news,vlaio,Agentschap Innoveren en Ondernemen,public_body,région,Nieuws,https://www.vlaio.be/nl/nieuws,https://www.vlaio.be/nl/nieuws,ok,200,text/html,html,html,True,allowed,2026-09-30T10:27:51.715371Z,1450,115333,False,,2026-09-29T12:00:00Z,,
vluchtelingenwerk_news,vluchtelingenwerk,Vluchtelingenwerk Vlaanderen,civil_society,communauté,Nieuws,https://vluchtelingenwerk.be/nieuws,https://vluchtelingenwerk.be/nieuws,ok,200,text/html,html,html,True,allowed,2026-09-30T10:28:43.488501Z,1152,72881,False,,,,
vmm_news,vmm,Vlaamse Milieumaatschappij,public_body,région,Nieuws,https://www.vmm.be/nieuws,https://vmm.vlaanderen.be/nieuws,ok,200,text/html,html,html,True,allowed,2026-09-30T10:27:48.108167Z,6817,2000000,True,,2026-09-29T15:47:27Z,,
voka_news,voka,Voka,social_partner,région,Nieuws,https://www.voka.be/nieuws,https://www.voka.be/nieuws,ok,200,text/html,html,html,True,allowed,2026-09-30T10:28:16.070387Z,2115,310277,False,,2026-09-29T00:00:00Z,,
vooruit_party_news,vooruit_party,Vooruit,political_party,national,Nieuws,https://nieuws.vooruit.org/,,http_error,403,,html,unknown,,allowed,2026-09-30T10:28:08.441552Z,748,0,False,,,,HTTP 403: Forbidden
vrouwenraad_news,vrouwenraad,Nederlandstalige Vrouwenraad,civil_society,communauté,Nieuws,https://vrouwenraad.be/nieuws/,https://vrouwenraad.be/nieuws/,ok,200,text/html,html,html,True,allowed,2026-09-30T10:28:50.093023Z,1788,90243,False,,,https://vrouwenraad.be/wp-json/wp/v2/pages/294,
vrt_nws_home,vrt_nws,VRT NWS,news_media,communauté,VRT NWS,https://www.vrt.be/vrtnws/nl/,https://www.vrt.be/vrtnws/nl/,ok,200,text/html,html,html,True,allowed,2026-09-30T10:28:55.044364Z,1039,183122,False,,2026-09-30T10:22:29Z,,
vrt_nws_rss,vrt_nws,VRT NWS,news_media,communauté,Flux VRT NWS,https://www.vrt.be/vrtnws/nl.rss.articles.xml,https://www.vrt.be/vrtnws/nl.rss.articles.xml,ok,200,application/atom+xml,atom,atom,True,allowed,2026-09-30T10:28:58.997255Z,790,64785,False,50,2026-09-30T10:25:31.429000Z,,
vtm_nieuws_home,vtm_nieuws,VTM NIEUWS,news_media,national,VTM NIEUWS,https://vtm.be/vtm-nieuws,https://myprivacy.dpgmedia.be/consent?siteKey=SfOVdJNqUJc3G9JL&callbackUrl=https%3A%2F%2Fvtm.be%2Fprivacygate-confirm%3FredirectUri%3D%252Fvtm-nieuws&isLoggedIn=false,ok,200,text/html,html,html,True,allowed,2026-09-30T10:28:57.532803Z,375,7865,False,,,,
wallonia_releases,walloon_government,Gouvernement wallon,institution,région,Communiqués de presse,https://www.wallonie.be/fr/acteurs-et-institutions/wallonie/gouvernement-de-wallonie/communiques-presse,https://www.wallonie.be/fr/acteurs-et-institutions/wallonie/gouvernement-de-wallonie/communiques-presse,ok,200,text/html,html,html,True,allowed,2026-09-30T10:26:55.953463Z,2801,123979,False,,,,
wallonie_entreprendre_news,wallonie_entreprendre,Wallonie Entreprendre,public_body,région,Actualités,https://www.wallonie-entreprendre.be/fr/actualites/,https://www.wallonie-entreprendre.be/fr/actualites/,ok,200,text/html,html,html,True,allowed,2026-09-30T10:27:34.846176Z,2044,145855,False,,,,
walloon_parliament_calendar_rss,walloon_parliament,Parlement de Wallonie,parliament,région,Flux du calendrier,https://www.parlement-wallonie.be/actu/rss_cal_generator.php?aff=rss,https://www.parlement-wallonie.be/actu/rss_cal_generator.php?aff=rss,ok,200,text/xml,rss,rss,True,allowed,2026-09-30T10:27:30.436677Z,537,1748,False,3,,,
walloon_parliament_current_questions_rss,walloon_parliament,Parlement de Wallonie,parliament,région,Flux des questions d'actualité,https://www.parlement-wallonie.be/actu/rss_doc_generator.php?aff=rss&type=qa,https://www.parlement-wallonie.be/actu/rss_doc_generator.php?aff=rss&type=qa,ok,200,application/rss+xml,rss,rss,True,allowed,2026-09-30T10:27:30.600170Z,901,2216,False,4,2026-09-30T08:30:16Z,,
walloon_parliament_home,walloon_parliament,Parlement de Wallonie,parliament,région,Actualités et travaux,https://www.parlement-wallonie.be/,https://www.parlement-wallonie.be/,ok,200,text/html,html,html,True,allowed,2026-09-30T10:27:11.663747Z,2373,55109,False,,,https://www.parlement-wallonie.be/actu/rss_generator.php | https://www.parlement-wallonie.be/actu/rss_cal_generator.php?aff=rss | https://www.parlement-wallonie.be/actu/rss_doc_generator.php | https://www.parlement-wallonie.be/actu/rss_doc_generator.php?aff=rss&type=parch | https://www.parlement-wallonie.be/actu/rss_doc_generator.php?aff=rss&type=qa | https://www.parlement-wallonie.be/actu/rss_doc_generator.php?aff=rss&type=qr | https://www.parlement-wallonie.be/actu/rss_doc_generator.php?aff=rss&type=bt | https://www.parlement-wallonie.be/actu/rss_doc_generator.php?aff=rss&type=res | https://www.parlement-wallonie.be/actu/rss_pod_generator.php?aff=rss | https://www.parlement-wallonie.be/actu/rss_people_generator.php?aff=rss,
walloon_parliament_written_questions_rss,walloon_parliament,Parlement de Wallonie,parliament,région,Flux des questions écrites,https://www.parlement-wallonie.be/actu/rss_doc_generator.php?aff=rss&type=qr,https://www.parlement-wallonie.be/actu/rss_doc_generator.php?aff=rss&type=qr,ok,200,application/rss+xml,rss,rss,True,allowed,2026-09-30T10:27:30.974082Z,900,3058,False,6,2026-09-25T14:20:00Z,,
wbe_news,wbe,Wallonie-Bruxelles Enseignement,public_body,communauté,Actualités,https://www.wbe.be/,,blocked_by_robots,,,html,unknown,,disallowed,2026-09-30T10:27:59.901631Z,1852,0,False,,,,Accès interdit pour la sonde par robots.txt
wonen_vlaanderen_news,wonen_vlaanderen,Wonen in Vlaanderen,public_body,région,Nieuws,https://www.vlaanderen.be/wonen-in-vlaanderen/nieuws,https://www.vlaanderen.be/wonen-in-vlaanderen/nieuws,ok,200,text/html,html,html,True,allowed,2026-09-30T10:27:52.588191Z,607,55151,False,,,,
wsr_dg_news,wsr_dg,Wirtschafts- und Sozialrat der Deutschsprachigen Gemeinschaft,consultative_body,communauté,Aktuelles,https://www.wsr-dg.be/,https://www.wsr-dg.be/,ok,200,text/html,html,html,True,allowed,2026-09-30T10:28:01.753493Z,2122,42066,False,,,https://www.wsr-dg.be/wp-json/wp/v2/pages/1051,
