target_id,label,scope,enforced,required_count,present_count,with_enabled_endpoint_count,complete,missing_source_ids,without_enabled_endpoint_source_ids,reference_url,notes
federal_departments,Socle exécutif fédéral,fédéral,True,15,15,15,True,,,https://www.belgium.be/fr/la_belgique/pouvoirs_publics/autorites_federales/services_publics_federaux_et_de_programmation,Premier ministre départements fédéraux Défense et services publics de programmation
federal_parliament,Parlement fédéral,fédéral,True,2,2,2,True,,,https://www.belgium.be/fr/la_belgique/pouvoirs_publics/autorites_federales/parlement_federal,Deux chambres du Parlement fédéral
federated_executives,Exécutifs des entités fédérées,interfédéral,True,5,5,5,True,,,https://www.belgium.be/fr/la_belgique/pouvoirs_publics/la_belgique_federale,Gouvernements des trois régions et des trois communautés avec fusion flamande
federated_parliaments,Parlements des entités fédérées,interfédéral,True,5,5,5,True,,,https://www.belgium.be/fr/la_belgique/pouvoirs_publics/la_belgique_federale,Assemblées des trois régions et des trois communautés avec fusion flamande
justice_apex_and_governance,Hautes juridictions et gouvernance judiciaire,fédéral,True,4,4,4,True,,,https://www.belgium.be/fr/justice/organisation,Institutions transversales sélectionnées pour leur portée sociétale
public_oversight_rights,Contrôle public et droits,interfédéral,True,5,5,5,True,,,https://www.belgium.be/fr/la_belgique/pouvoirs_publics,Contre-pouvoirs publics indépendants avec production régulière
economic_statistics_regulators,Économie statistiques et régulateurs,fédéral,True,8,8,8,True,,,https://www.belgium.be/fr/economie,Producteurs nationaux à portée macroéconomique sectorielle ou consommateur
social_protection,Sécurité sociale et marché du travail,fédéral,True,6,6,6,True,,,https://www.socialsecurity.be/citizen/fr/,Institutions nationales couvrant emploi soins indépendants et pensions
health_expertise_safety,Santé expertise et sécurité,fédéral,True,5,5,5,True,,,https://www.health.belgium.be/fr,Autorités et instituts fédéraux produisant alertes données et expertise
